status,life_expectancy,adult_mortality,infant_deaths,alcohol,percentage_expenditure,hepatitis_b,measles,bmi,under-five_deaths,polio,total_expenditure,diphtheria,hiv/aids,gdp,population,thinness_10-19_years,thinness_5-9_years,income_composition_of_resources,schooling
0,65.0,263.0,62,0.01,71.27962362,65.0,1154,19.1,83,6.0,8.16,65.0,0.1,584.25921,33736494.0,17.2,17.3,0.479,10.1
0,59.5,272.0,69,0.01,78.1842153,67.0,2787,17.6,93,67.0,8.52,67.0,0.1,669.959,3696958.0,17.9,18.0,0.463,9.8
0,58.6,281.0,77,0.01,56.76221682,63.0,2861,16.2,106,63.0,9.42,63.0,0.1,445.8932979,284331.0,18.6,18.7,0.434,8.9
0,58.1,287.0,80,0.03,25.87392536,64.0,1599,15.7,110,64.0,8.33,64.0,0.1,373.3611163,2729431.0,18.8,18.9,0.433,8.7
0,57.5,295.0,82,0.02,10.91015598,63.0,1141,15.2,113,63.0,6.73,63.0,0.1,369.835796,26616792.0,19.0,19.1,0.415,8.4
0,56.7,295.0,87,0.01,11.08905273,65.0,798,13.4,122,41.0,8.82,41.0,0.1,198.7285436,2364851.0,19.7,19.9,0.373,6.5
0,77.8,74.0,0,4.6,364.9752287,99.0,0,58.0,0,99.0,6.0,99.0,0.1,3954.22783,28873.0,1.2,1.3,0.762,14.2
0,74.2,99.0,1,5.31,3.3021542,98.0,68,5.8,1,97.0,5.86,97.0,0.1,35.1293,2992547.0,1.7,1.8,0.696,11.4
0,73.5,15.0,1,5.16,26.99312143,98.0,6,49.9,1,97.0,6.12,98.0,0.1,279.142931,311487.0,1.8,1.8,0.685,10.8
0,72.8,18.0,1,4.29,14.71928882,97.0,8,47.9,1,97.0,6.27,97.0,0.1,189.681557,339616.0,1.9,2.0,0.674,10.7
0,73.6,14.0,1,4.25,96.20557078,96.0,18,46.0,1,97.0,6.0,97.0,0.1,1326.97339,36173.0,2.1,2.1,0.662,10.6
0,75.4,11.0,21,0.01,54.2373183,95.0,0,58.4,24,95.0,7.21,95.0,0.1,547.8517,39113313.0,6.0,5.8,0.741,14.4
0,75.1,113.0,21,0.66,555.9260834,95.0,18,56.1,24,95.0,6.14,95.0,0.1,5564.82566,37565847.0,5.9,5.8,0.732,14.4
0,51.1,355.0,69,8.1,35.95857279,77.0,8523,22.1,105,67.0,4.26,77.0,2.3,484.616884,2599834.0,8.6,8.5,0.523,11.4
0,49.6,365.0,78,7.8,191.6537407,77.0,1190,2.4,121,81.0,3.39,77.0,2.5,3529.53482,23369131.0,9.1,9.0,0.488,9.0
0,48.2,375.0,87,6.35,184.8213446,73.0,1014,18.8,138,75.0,3.38,73.0,2.6,2878.837144,2997687.0,9.6,9.6,0.454,7.7
0,76.2,118.0,8,7.93,847.3717463,94.0,1,62.2,9,92.0,4.79,94.0,0.1,12245.25645,42981515.0,1.0,0.9,0.825,17.3
0,75.7,12.0,9,8.11,1504.329462,91.0,3,6.4,10,93.0,5.89,91.0,0.1,12726.9836,41656879.0,1.0,0.9,0.816,17.1
0,75.2,127.0,11,7.75,961.1774676,84.0,0,57.5,12,92.0,6.68,91.0,0.1,5878.76127,3955889.0,1.1,0.9,0.782,16.1
0,74.1,137.0,11,7.62,57.58467352,73.0,0,55.7,13,95.0,8.22,96.0,0.1,333.4376,3839379.0,1.2,1.0,0.77,16.4
0,74.1,138.0,12,7.81,470.1869145,66.0,0,55.1,13,94.0,8.31,93.0,0.1,2579.193168,3788937.0,1.2,1.0,0.776,16.3
0,73.5,132.0,1,3.99,44.57219966,85.0,1,49.7,1,9.0,4.31,88.0,0.1,3138.8873,293356.0,2.0,2.1,0.707,11.7
0,72.6,134.0,1,2.86,57.17810403,91.0,40,47.8,1,96.0,5.4,94.0,0.1,783.261699,333897.0,2.1,2.1,0.645,10.8
1,82.7,6.0,1,9.71,10769.36305,91.0,340,66.1,1,92.0,9.42,92.0,0.1,62214.6912,2346694.0,0.6,0.6,0.936,20.4
1,82.5,61.0,1,9.87,11734.85381,91.0,158,65.5,1,91.0,9.36,91.0,0.1,67792.3386,23117353.0,0.6,0.6,0.933,20.3
1,83.0,71.0,1,9.97,3829.550928,95.0,91,6.3,1,92.0,8.32,93.0,0.1,23465.38559,198954.0,0.7,0.7,0.905,20.6
1,79.9,75.0,1,9.53,3064.301144,94.0,141,59.0,2,91.0,8.18,92.0,0.1,19517.84168,19413.0,0.7,0.7,0.899,20.5
1,84.0,75.0,0,12.1,7423.228774,86.0,52,55.2,0,86.0,11.17,86.0,0.1,46657.629,836344.0,1.7,1.9,0.872,15.4
1,81.0,8.0,0,12.5,7453.8644,85.0,20,53.7,0,85.0,1.4,85.0,0.1,46586.6525,8295487.0,1.7,1.9,0.86,15.2
1,79.3,86.0,0,12.1,5316.877456,83.0,15,52.2,0,83.0,1.56,83.0,0.1,36693.4262,8171966.0,1.7,1.9,0.841,14.7
1,78.7,9.0,0,12.5,3979.057728,81.0,0,51.2,0,82.0,1.27,83.0,0.1,26351.37568,881957.0,1.7,1.9,0.847,16.1
1,78.1,96.0,0,13.2,3557.455507,33.0,0,5.1,0,71.0,1.6,81.0,0.1,24517.26745,811566.0,1.7,1.9,0.833,15.4
0,72.5,119.0,5,0.01,306.1824313,94.0,0,51.5,6,97.0,6.4,94.0,0.1,7891.299776,953579.0,2.8,2.9,0.752,12.2
0,68.4,162.0,6,0.73,81.28883085,49.0,1238,44.7,7,79.0,7.86,75.0,0.1,1578.4239,839185.0,2.9,3.0,0.675,11.2
0,68.4,154.0,6,0.62,8.59680496,5.0,827,44.2,8,78.0,7.92,77.0,0.1,145.2163,8365.0,3.0,3.0,0.668,11.0
0,71.0,135.0,104,0.01,52.82986467,96.0,237,17.0,130,96.0,2.88,96.0,0.1,951.8894535,157571292.0,18.3,18.8,0.565,10.0
0,77.0,137.0,111,0.01,59.2589257,94.0,1986,16.4,139,94.0,3.8,94.0,0.1,856.342857,15572753.0,18.5,19.0,0.557,9.9
0,69.5,144.0,135,0.01,53.26400378,97.0,718,14.6,173,97.0,2.91,97.0,0.1,681.125368,1545478.0,19.1,19.7,0.523,8.4
0,69.1,147.0,144,0.01,42.48865034,96.0,2660,14.0,186,96.0,2.85,96.0,0.1,615.7775411,14885814.0,19.3,19.9,0.52,8.6
0,70.0,224.0,1,14.67,501.8056141,98.0,0,58.2,1,98.0,5.95,97.0,0.1,6376.183153,9527985.0,2.1,2.3,0.755,15.1
0,68.9,243.0,1,12.6,364.426052,98.0,149,57.2,1,97.0,6.34,99.0,0.1,3848.215966,964924.0,2.2,2.4,0.723,14.6
0,68.1,252.0,1,11.01,45.65007798,99.0,1,56.7,1,98.0,6.89,99.0,0.1,3126.71767,9663915.0,2.3,2.5,0.713,14.4
0,68.2,247.0,1,12.05,42.33443901,99.0,2,56.2,1,99.0,6.59,99.0,0.1,2378.33927,973146.0,2.4,2.5,0.703,14.1
1,79.5,86.0,0,10.25,640.3560918,94.0,64,6.9,1,99.0,9.25,98.0,0.1,4443.83131,16257.0,0.8,0.8,0.871,15.8
1,78.9,89.0,0,12.27,5068.214488,77.0,26,6.2,1,97.0,9.24,97.0,0.1,36967.28292,1478617.0,0.8,0.8,0.861,15.7
1,78.8,91.0,1,12.05,5160.508378,64.0,61,59.8,1,96.0,9.32,95.0,0.1,35589.71295,1421137.0,0.8,0.8,0.88,18.8
1,78.3,95.0,0,11.28,507.306164,64.0,44,59.4,1,96.0,9.3,95.0,0.1,3743.95693,1376133.0,0.8,0.8,0.878,18.6
1,77.6,11.0,1,11.21,287.2084529,6.0,0,58.1,1,96.0,8.12,95.0,0.1,2327.4591,125125.0,0.8,0.8,0.869,18.0
0,70.0,177.0,0,6.58,670.0920883,95.0,0,5.1,0,95.0,5.79,95.0,0.2,4852.223666,351694.0,3.4,3.4,0.705,12.8
0,69.4,184.0,0,6.48,387.3324928,98.0,0,44.4,0,98.0,4.4,98.0,0.6,4187.3783,29747.0,3.6,3.5,0.692,12.3
0,68.5,199.0,0,4.99,262.8299189,97.0,0,42.0,0,93.0,4.38,89.0,0.1,3556.561825,26226.0,3.7,3.6,0.678,11.9
0,57.6,278.0,25,1.28,7.615430126,75.0,928,22.0,39,77.0,4.2,75.0,1.8,82.1513498,8696916.0,8.1,8.0,0.444,9.1
0,56.8,284.0,25,1.19,75.91429496,74.0,176,21.0,39,76.0,4.75,74.0,2.0,625.8392,8216896.0,8.5,8.4,0.434,8.7
0,56.5,285.0,25,1.13,7.106997355,7.0,210,2.5,39,73.0,4.73,7.0,2.1,61.799977,7982225.0,8.7,8.6,0.43,8.5
0,55.8,285.0,25,1.35,8.931827297,73.0,217,19.7,40,75.0,4.63,73.0,2.1,519.2922847,752555.0,9.1,9.0,0.416,7.7
0,55.6,283.0,25,1.23,40.48815233,15.0,1588,19.2,40,76.0,4.27,75.0,2.1,418.6985763,7295394.0,9.3,9.2,0.407,7.3
0,69.4,216.0,0,0.01,209.3921344,99.0,0,23.6,1,98.0,3.57,99.0,0.5,2522.7968,776448.0,15.7,16.2,0.596,12.5
0,68.7,223.0,0,0.01,188.7373664,97.0,1,21.9,1,97.0,3.7,97.0,0.6,2422.816,752967.0,16.1,16.7,0.581,12.3
0,67.0,234.0,1,0.21,302.667579,96.0,7,18.8,1,96.0,6.58,96.0,0.4,1795.18137,795.0,17.1,17.8,0.0,10.5
0,65.8,245.0,1,0.29,169.2023968,95.0,2,17.4,1,96.0,5.27,95.0,0.3,1335.45696,672228.0,17.5,18.3,0.0,9.6
0,64.2,263.0,1,0.96,2.586698228,89.0,3,16.1,1,9.0,4.41,89.0,0.3,197.45788,64282.0,18.0,18.8,0.0,8.8
0,61.7,29.0,1,0.14,8.574029812,89.0,756,14.4,1,88.0,5.91,88.0,0.1,87.9387673,5896.0,18.9,19.6,0.0,7.6
0,77.2,89.0,0,4.03,732.8662491,89.0,3000,55.3,0,86.0,9.57,86.0,0.1,5193.94932,35662.0,2.4,2.4,0.742,14.2
0,76.9,92.0,0,4.64,7.959131146,88.0,10,53.7,0,89.0,9.71,88.0,0.1,55.156834,3688865.0,2.6,2.5,0.711,13.4
0,75.0,12.0,0,4.56,45.71354264,93.0,23,5.5,0,95.0,8.5,93.0,0.1,2968.41186,378153.0,2.9,2.9,0.0,12.5
0,61.1,349.0,2,5.99,547.0386679,95.0,853,35.2,3,96.0,5.64,95.0,6.2,6346.15624,214866.0,8.0,7.8,0.669,12.3
0,57.5,427.0,2,6.56,476.8625872,94.0,0,34.2,3,96.0,5.55,96.0,12.7,5623.379566,1946351.0,8.8,8.6,0.646,12.1
0,46.4,693.0,2,5.51,299.3671252,9.0,59,31.6,4,96.0,4.65,96.0,31.9,4163.6596,184339.0,1.9,1.8,0.567,11.8
0,47.8,647.0,2,5.37,250.8916484,86.0,2672,29.9,4,97.0,4.64,97.0,38.8,3349.68823,172834.0,12.3,12.2,0.559,11.7
0,74.8,144.0,44,7.32,83.16465362,96.0,876,55.3,49,96.0,8.32,93.0,0.1,1226.61731,24213133.0,2.7,2.7,0.747,15.2
0,74.1,152.0,51,7.58,1084.999766,98.0,43,52.8,57,98.0,8.9,99.0,0.1,13167.47289,198686688.0,2.9,2.8,0.724,14.0
0,72.0,17.0,81,6.85,186.6090485,96.0,0,46.9,93,99.0,7.7,99.0,0.1,3623.47667,184738458.0,3.2,3.2,0.695,14.0
1,73.2,152.0,1,10.93,661.5144334,96.0,2249,62.1,1,94.0,6.78,94.0,0.1,6955.987733,7444443.0,2.0,2.1,0.768,13.8
1,72.6,157.0,1,10.89,591.5100978,95.0,1,6.9,1,95.0,6.41,95.0,0.1,5932.899677,7545338.0,2.1,2.2,0.755,13.5
1,72.2,161.0,1,10.39,508.6304588,96.0,1,6.3,1,96.0,6.67,95.0,0.1,4513.13628,76122.0,2.2,2.2,0.75,13.5
1,71.8,157.0,1,10.2,33.26778134,88.0,0,58.1,1,94.0,7.41,93.0,0.1,287.534843,7837161.0,2.4,2.4,0.723,12.9
0,58.6,271.0,41,4.75,78.76987363,9.0,7362,17.7,68,9.0,5.33,9.0,0.8,673.8227,16571216.0,8.6,8.1,0.384,7.2
0,58.1,275.0,42,4.51,85.55592906,91.0,860,17.1,71,9.0,5.17,91.0,0.9,666.842783,168194.0,8.8,8.4,0.377,6.7
0,54.3,32.0,47,4.73,64.24025208,76.0,125,14.6,86,94.0,6.58,86.0,2.0,422.6332374,13829177.0,1.0,9.6,0.325,4.7
0,58.0,312.0,22,0.01,38.73170505,96.0,49,17.1,33,96.0,8.21,96.0,1.2,265.285651,931971.0,7.5,7.5,0.393,10.3
0,53.4,369.0,24,5.54,1.747440948,87.0,0,14.1,37,82.0,9.84,87.0,4.3,15.57434,7423289.0,8.2,8.3,0.286,5.6
0,73.0,117.0,0,0.01,414.0242418,97.0,0,3.5,0,95.0,4.76,95.0,0.2,3529.61843,526437.0,6.8,6.7,0.643,13.5
0,72.8,12.0,0,0.01,325.6298627,94.0,0,29.7,0,93.0,4.29,93.0,0.2,3558.796314,5216.0,6.9,6.9,0.643,13.6
0,72.7,121.0,0,0.01,33.55888998,94.0,0,29.0,0,94.0,4.61,94.0,0.3,348.482762,513979.0,7.1,7.1,0.636,13.2
0,72.6,122.0,0,5.07,4.409153436,9.0,0,28.2,0,9.0,4.6,9.0,0.3,367.429453,5867.0,7.3,7.2,0.632,13.1
0,72.5,123.0,0,4.75,286.8907303,98.0,0,27.5,0,99.0,4.83,99.0,0.4,3312.825985,52384.0,7.4,7.4,0.627,12.7
0,72.1,129.0,0,4.25,26.45133197,95.0,0,24.9,0,97.0,5.11,96.0,0.6,234.28992,48795.0,8.3,8.3,0.596,11.9
0,77.0,148.0,0,3.82,155.2072669,4.0,0,22.6,0,92.0,5.17,91.0,0.8,1373.515636,45216.0,9.2,9.1,0.569,11.3
0,68.3,179.0,11,0.01,12.17952064,88.0,0,18.9,12,87.0,5.68,88.0,0.2,198.687123,152779.0,1.9,11.0,0.553,10.9
0,56.7,366.0,47,0.01,61.39263642,87.0,831,28.4,71,86.0,4.1,87.0,3.7,1441.1417,2223994.0,5.7,5.7,0.507,10.4
0,56.4,364.0,48,0.01,63.07890158,89.0,760,27.8,73,88.0,4.29,89.0,4.0,1365.34419,21655715.0,5.8,5.8,0.501,10.4
0,55.3,37.0,53,6.15,100.8987451,84.0,240,26.0,82,83.0,5.28,84.0,5.5,1182.869227,1997495.0,6.1,6.2,0.48,9.7
0,53.6,395.0,57,5.44,7.562892922,82.0,100,24.4,89,81.0,4.76,82.0,7.0,111.71186,18395389.0,6.6,6.6,0.456,8.0
0,53.3,394.0,58,5.22,0.962497052,81.0,196,23.8,91,78.0,4.69,81.0,7.2,12.989164,17899562.0,6.7,6.8,0.456,8.2
0,81.6,68.0,2,8.3,9748.636237,7.0,10,65.3,2,99.0,1.78,95.0,0.1,52496.69487,3475545.0,0.5,0.5,0.907,15.9
0,81.0,72.0,2,8.4,864.94993,42.0,14,63.6,2,89.0,11.17,91.0,0.1,4773.45436,33628571.0,0.5,0.4,0.898,15.9
0,85.0,75.0,2,8.2,771.1817686,14.0,13,61.9,2,95.0,9.75,95.0,0.1,4386.69948,325755.0,0.5,0.4,0.891,15.8
0,80.0,77.0,2,7.8,5513.329924,14.0,7,6.6,2,91.0,9.56,91.0,0.1,31979.87195,31995.0,0.5,0.4,0.881,15.8
0,48.6,453.0,17,1.56,40.45156933,42.0,11,19.8,25,45.0,3.58,42.0,7.3,449.961839,44423.0,9.1,9.1,0.345,6.4
0,52.2,366.0,46,0.64,76.52382535,39.0,226,18.2,78,46.0,3.42,39.0,3.1,986.13177,13133589.0,8.8,8.7,0.387,7.3
0,51.6,365.0,46,0.56,67.76269089,33.0,8650,17.5,79,4.0,3.17,33.0,3.9,989.2363633,12288651.0,9.2,9.1,0.37,6.7
0,78.9,91.0,2,7.33,1275.689625,95.0,0,58.1,2,94.0,6.18,94.0,0.1,9484.681227,16319792.0,0.9,0.9,0.796,14.9
0,75.2,91.0,215,5.63,91.26749779,99.0,9943,29.0,251,99.0,5.3,99.0,0.1,5633.79616,134413.0,4.1,3.5,0.7,12.8
0,74.6,144.0,11,4.38,1435.487755,9.0,0,57.2,12,9.0,7.2,9.0,0.1,7913.383432,47791911.0,2.1,1.9,0.72,13.6
0,73.6,15.0,13,4.34,941.6464045,92.0,0,53.5,15,92.0,7.1,92.0,0.1,5148.422113,45416181.0,2.2,2.0,0.691,12.4
0,73.5,144.0,14,4.66,780.5946749,93.0,0,52.0,17,93.0,6.25,93.0,0.1,4674.21961,44374572.0,2.3,2.1,0.675,11.9
0,73.1,147.0,15,4.53,62.43710774,93.0,0,51.3,17,94.0,6.11,93.0,0.1,379.78776,43835722.0,2.3,2.1,0.669,11.5
0,73.1,144.0,15,4.38,531.9808176,93.0,0,5.5,18,93.0,5.82,93.0,0.1,3386.256,43285634.0,2.4,2.1,0.658,11.1
0,72.4,15.0,16,4.25,417.8038898,92.0,0,49.0,19,92.0,5.92,92.0,0.1,2246.257472,42152151.0,2.5,2.2,0.659,11.6
0,71.4,167.0,18,4.66,477.1341814,78.0,1,46.7,21,82.0,5.91,79.0,0.1,2472.197831,443958.0,2.6,2.3,0.65,11.3
0,62.5,237.0,2,0.01,78.39008571,89.0,1,22.6,2,85.0,7.11,86.0,0.8,788.632653,723868.0,6.9,6.7,0.484,10.8
0,61.0,255.0,2,0.12,93.36788979,81.0,0,2.6,2,81.0,5.13,81.0,0.1,795.97519,657229.0,7.2,7.1,0.461,10.2
0,66.0,259.0,2,0.16,9.087638194,75.0,0,2.1,2,75.0,4.93,75.0,0.1,72.759313,64162.0,7.3,7.2,0.459,10.0
0,79.2,96.0,1,4.07,24.88720369,87.0,0,54.4,1,8.0,9.69,86.0,0.1,689.396224,4488263.0,1.9,1.8,0.747,13.1
0,78.0,16.0,1,4.15,1185.412346,88.0,0,51.4,1,89.0,7.82,89.0,0.1,5245.187372,438794.0,2.0,1.9,0.727,12.6
0,77.7,12.0,1,4.09,1043.10795,89.0,0,49.3,1,9.0,7.8,9.0,0.1,4425.57467,418738.0,2.1,2.0,0.719,12.2
1,77.8,97.0,0,12.14,1884.098811,95.0,0,63.1,0,95.0,7.8,95.0,0.1,13467.46827,4238389.0,1.5,1.5,0.82,15.1
1,79.5,59.0,0,11.32,283.3300258,96.0,18,57.8,0,99.0,7.23,99.0,0.1,3818.46396,111267.0,0.9,1.0,0.853,14.6
1,78.6,65.0,0,13.03,1586.724172,88.0,0,54.8,0,98.0,6.42,98.0,0.1,23932.49128,1141.0,0.9,1.0,0.823,13.4
1,78.5,66.0,0,10.62,158.7087399,88.0,0,54.3,0,98.0,6.83,98.0,0.1,2293.4789,993563.0,0.9,1.0,0.815,13.0
1,78.1,7.0,0,9.56,950.8027925,89.0,0,52.8,0,97.0,5.77,97.0,0.1,14672.8826,943286.0,0.9,1.0,0.798,12.5
0,63.0,252.0,1,0.38,24.73299655,78.0,0,34.4,1,78.0,1.57,78.0,2.1,174.91511,912164.0,5.6,5.4,0.467,6.3
0,61.3,273.0,1,0.44,187.4960097,88.0,7,32.2,2,88.0,8.84,88.0,3.1,1325.99724,851146.0,5.6,5.6,0.441,5.5
0,62.0,289.0,1,0.49,171.7686449,88.0,143,31.3,2,89.0,8.5,89.0,3.3,1214.77118,822934.0,5.7,5.6,0.427,5.0
0,59.8,296.0,1,0.45,20.86878709,25.0,24,3.9,2,88.0,7.72,88.0,3.5,147.586896,8942.0,5.8,5.7,0.416,4.5
0,72.1,174.0,6,5.93,857.1307037,74.0,0,55.8,7,85.0,4.26,85.0,0.4,5968.876767,115495.0,3.3,3.2,0.706,13.1
0,72.7,166.0,6,6.02,664.5585242,83.0,0,53.6,8,85.0,4.6,88.0,0.9,5451.6696,9897985.0,3.3,3.3,0.697,12.9
0,73.6,157.0,6,6.05,587.8828228,8.0,0,52.6,8,85.0,4.41,82.0,1.2,4952.67753,9767758.0,3.4,3.3,0.695,12.9
0,72.9,164.0,6,6.05,74.8217488,81.0,0,5.4,8,86.0,4.34,85.0,1.6,4647.31359,954353.0,3.4,3.4,0.685,12.7
0,71.2,188.0,7,6.13,340.0239945,66.0,113,44.1,9,71.0,5.59,72.0,2.5,2862.154836,8697126.0,3.8,3.6,0.656,12.3
0,75.5,127.0,7,3.92,41.88087712,88.0,72,52.1,8,85.0,6.48,87.0,0.1,572.14313,15419666.0,1.3,1.2,0.717,13.3
0,75.3,131.0,7,3.99,344.7412164,88.0,257,51.4,8,85.0,5.92,88.0,0.1,5223.351763,15177355.0,1.3,1.2,0.71,13.2
0,75.1,137.0,7,3.87,282.1440066,91.0,0,5.0,8,91.0,5.58,94.0,0.1,4255.56571,14691275.0,1.3,1.2,0.702,13.1
0,73.4,158.0,9,4.13,14.5887403,69.0,2,44.3,10,9.0,3.86,89.0,0.3,193.741571,12852755.0,1.6,1.5,0.67,12.4
0,73.0,181.0,2,2.48,591.7757569,92.0,0,54.1,2,93.0,6.7,92.0,0.3,3827.786267,6221246.0,1.6,1.6,0.67,13.2
0,71.4,23.0,2,2.55,416.4338399,91.0,0,52.1,2,91.0,6.83,91.0,0.3,3366.482133,6137276.0,1.7,1.6,0.662,12.8
0,71.2,23.0,2,2.83,52.30172215,99.0,0,5.8,3,99.0,6.32,99.0,0.3,334.83817,683475.0,1.8,1.7,0.657,12.9
0,70.0,215.0,3,2.9,398.6058322,9.0,0,48.6,3,9.0,7.3,9.0,0.3,2632.79942,6775.0,1.9,1.8,0.636,12.4
0,69.9,29.0,3,3.1,400.1342971,94.0,0,47.8,4,93.0,7.61,94.0,0.3,2519.737387,5971535.0,2.0,1.9,0.628,12.0
0,73.0,24.0,3,2.97,29.68529375,81.0,0,47.0,4,81.0,7.9,81.0,0.4,248.4125,59433.0,2.0,1.9,0.621,11.8
0,62.9,286.0,6,0.62,20.97991915,96.0,48,16.5,8,96.0,3.6,96.0,0.7,582.775532,447469.0,8.8,8.7,0.405,5.0
0,61.4,311.0,6,0.63,1.575160196,92.0,82,15.5,9,92.0,3.3,92.0,1.0,43.7544499,431334.0,9.0,8.9,0.402,5.2
0,62.0,329.0,6,1.23,11.42385961,91.0,55,14.7,9,91.0,3.29,91.0,1.3,317.3294336,4153332.0,9.2,9.2,0.405,5.3
0,59.1,342.0,7,0.64,10.26097341,84.0,24,13.6,10,98.0,3.14,98.0,1.8,287.4222243,3858623.0,9.6,9.6,0.0,5.0
0,76.9,127.0,0,0.01,261.2914808,93.0,2,59.0,0,94.0,6.48,94.0,0.1,1929.7746,1317997.0,1.9,1.9,0.856,16.5
0,76.3,135.0,0,0.01,2263.103797,94.0,4,58.5,0,94.0,6.36,94.0,0.1,17421.8922,1322696.0,1.9,1.9,0.85,16.5
0,75.6,137.0,0,14.97,1802.017593,94.0,0,57.6,0,94.0,6.25,94.0,0.1,14638.6482,1331475.0,1.9,2.0,0.833,16.2
0,72.8,189.0,0,15.52,153.5045263,95.0,2,55.5,0,96.0,5.2,96.0,0.1,1338.31322,1354775.0,2.1,2.2,0.812,15.9
0,61.8,261.0,162,1.34,67.73374413,62.0,4235,15.6,243,69.0,6.86,61.0,1.7,341.39992,877267.0,11.0,1.7,0.401,8.1
0,69.7,19.0,0,0.01,50.539484,99.0,0,61.9,0,99.0,4.49,99.0,0.1,546.3728,88586.0,4.0,3.7,0.727,15.2
0,69.6,192.0,0,0.01,460.6487805,99.0,0,61.1,0,99.0,4.26,99.0,0.1,4763.68956,879715.0,4.0,3.7,0.719,15.0
0,69.4,195.0,0,0.01,431.4854874,99.0,0,6.2,0,99.0,4.16,99.0,0.1,4546.73854,873596.0,4.0,3.7,0.714,14.9
0,68.7,26.0,0,1.95,81.04656111,99.0,0,57.3,0,99.0,3.68,99.0,0.1,4177.657789,84334.0,4.0,3.7,0.7,14.3
0,67.9,22.0,0,1.85,206.071686,99.0,304,52.2,0,94.0,3.48,93.0,0.1,2259.55796,815691.0,4.2,3.9,0.687,13.3
0,67.7,221.0,0,2.05,31.25834616,98.0,0,5.2,0,91.0,3.87,9.0,0.1,276.1338,811223.0,4.3,4.0,0.681,13.1
0,86.0,92.0,3,12.4,5689.991931,39.0,40,58.0,4,99.0,1.53,99.0,0.1,36544.5853,63621376.0,0.6,0.6,0.87,16.1
0,79.3,99.0,3,13.49,4572.441963,28.0,0,56.4,4,96.0,1.43,97.0,0.1,29691.18158,62244884.0,0.6,0.6,0.852,15.4
0,79.2,11.0,3,13.78,3779.655273,29.0,5185,55.8,4,97.0,1.22,97.0,0.1,24275.2426,6185267.0,0.7,0.6,0.851,15.5
0,63.5,276.0,2,8.3,805.3925284,82.0,2,34.6,3,8.0,3.13,82.0,4.9,9774.18117,1756817.0,6.3,6.2,0.669,12.5
0,62.8,289.0,2,8.9,133.5223672,75.0,2,34.1,3,75.0,3.12,75.0,6.0,1716.2258,169711.0,6.4,6.3,0.664,12.5
0,61.7,31.0,2,8.64,52.31086276,79.0,0,33.0,3,74.0,3.43,76.0,8.0,763.66223,1586754.0,6.7,6.5,0.652,12.4
0,61.6,291.0,2,9.02,545.4389573,75.0,0,31.9,3,78.0,2.86,81.0,10.0,8352.81711,1489193.0,6.9,6.8,0.645,12.4
0,61.4,288.0,2,8.01,40.53719812,52.0,90,31.4,3,44.0,2.88,45.0,10.7,727.777345,1444844.0,7.1,6.9,0.646,12.4
0,65.0,37.0,2,7.72,353.2438029,28.0,0,3.8,3,44.0,2.76,45.0,10.9,6741.293948,143126.0,7.2,7.1,0.64,12.4
0,74.5,128.0,1,5.91,180.3787034,96.0,7872,54.4,1,94.0,7.25,93.0,0.1,4274.376857,3776.0,2.7,2.8,0.755,13.5
0,73.9,127.0,1,8.14,198.94876,89.0,64,52.8,1,88.0,9.38,94.0,0.1,3725.63221,3875.0,2.6,2.8,0.742,13.3
0,74.4,12.0,1,8.65,106.164686,94.0,44,49.9,1,88.0,8.17,98.0,0.1,2492.12878,482.0,2.7,2.9,0.722,12.5
0,73.9,126.0,1,6.18,110.1138286,84.0,334,49.2,1,89.0,8.39,88.0,0.1,1872.68416,4136.0,2.7,2.9,0.714,12.6
0,73.9,128.0,1,4.7,9.444875415,79.0,1356,48.6,1,82.0,8.6,82.0,0.1,153.57521,419.0,2.8,2.9,0.703,12.2
0,72.3,134.0,1,3.74,7.132564768,64.0,6847,48.1,1,66.0,8.53,78.0,0.1,127.367228,4245.0,2.8,3.0,0.694,12.0
0,72.7,132.0,1,3.36,70.54185252,48.0,216,47.5,2,74.0,8.49,75.0,0.1,928.18227,431.0,2.9,3.0,0.684,11.8
1,89.0,69.0,2,11.03,941.7562909,88.0,443,61.9,3,94.0,11.3,95.0,0.1,4792.65288,89825.0,1.1,1.1,0.92,17.0
1,85.0,74.0,2,11.2,869.790735,88.0,1607,6.4,3,94.0,1.93,95.0,0.1,4681.32796,8274983.0,1.1,1.1,0.912,16.8
1,79.9,8.0,2,11.36,8285.264655,87.0,917,59.0,3,95.0,1.39,96.0,0.1,45699.19832,821197.0,1.1,1.1,0.903,16.6
1,79.8,82.0,3,11.5,7777.556353,86.0,567,58.5,3,95.0,1.18,96.0,0.1,41814.8191,82266372.0,1.1,1.1,0.898,16.6
1,79.6,84.0,3,11.76,6407.535954,87.0,2307,58.0,3,94.0,1.34,96.0,0.1,36447.87232,82376451.0,1.1,1.1,0.892,16.5
1,78.4,91.0,3,12.25,437.1059663,87.0,4657,56.1,4,97.0,1.4,93.0,0.1,2525.16445,82488495.0,1.2,1.1,0.867,16.3
1,78.3,92.0,3,12.46,4057.637383,86.0,6024,55.6,4,96.0,1.15,93.0,0.1,23687.31689,82349925.0,1.2,1.1,0.86,16.2
0,61.6,257.0,39,0.01,151.899429,92.0,1613,26.7,56,91.0,4.79,92.0,0.9,1629.8222,2573349.0,6.7,6.6,0.563,11.2
0,66.0,271.0,41,1.76,30.72290501,94.0,101,24.9,60,94.0,5.17,94.0,2.1,186.76538,2393831.0,7.3,7.2,0.542,10.4
0,58.9,296.0,41,1.5,78.71123825,84.0,435,22.4,62,85.0,4.51,84.0,3.1,498.172394,215429.0,8.1,8.1,0.499,8.1
0,58.3,34.0,41,1.46,53.23775977,8.0,60,21.8,62,81.0,3.96,8.0,3.2,423.1936389,2986536.0,8.4,8.3,0.491,7.7
0,57.6,31.0,42,1.6,3.336437969,8.0,12289,2.7,63,8.0,3.7,78.0,3.5,39.484473,19924522.0,8.8,8.8,0.484,7.6
0,86.0,74.0,0,7.46,2183.106986,98.0,3,65.4,0,99.0,9.26,99.0,0.1,21874.8195,1965211.0,0.8,0.7,0.86,17.1
0,79.3,81.0,0,9.95,2785.139364,93.0,122,6.5,1,96.0,9.36,96.0,0.1,22551.73574,1987314.0,0.8,0.7,0.839,15.6
0,79.2,81.0,0,9.56,287.6124519,92.0,1,59.9,1,95.0,8.3,95.0,0.1,21955.149,1955141.0,0.8,0.8,0.83,15.3
0,71.7,187.0,10,1.88,657.5282797,73.0,0,49.9,13,65.0,6.2,73.0,0.4,3687.763767,15923559.0,1.2,1.2,0.614,10.7
0,71.1,193.0,11,2.16,457.7745845,88.0,0,47.9,14,88.0,6.28,88.0,0.4,3187.845296,14948919.0,1.2,1.2,0.609,10.5
0,77.0,196.0,12,2.14,443.3248254,94.0,0,47.2,14,94.0,6.64,94.0,0.4,2825.5247,1463417.0,1.3,1.3,0.602,10.5
0,69.7,24.0,14,2.38,352.0244894,89.0,0,44.5,17,9.0,7.7,89.0,0.4,2256.56724,133978.0,1.4,1.4,0.57,9.8
0,69.2,28.0,14,2.35,41.50845637,87.0,0,43.8,18,87.0,6.79,87.0,0.4,277.83438,139628.0,1.4,1.4,0.567,9.6
0,58.8,284.0,27,0.01,5.140668848,63.0,53,22.2,41,63.0,5.49,63.0,1.0,54.169324,11536615.0,7.7,7.6,0.406,8.5
0,56.8,33.0,30,0.21,19.68510257,57.0,89,19.8,47,59.0,3.21,6.0,2.3,437.4467238,1323142.0,8.6,8.6,0.371,7.9
0,58.4,282.0,4,0.01,50.06053544,87.0,1,25.6,6,87.0,5.59,87.0,3.4,642.6256154,1725744.0,7.3,7.1,0.419,9.2
0,56.7,287.0,4,3.21,53.30782696,83.0,26,23.1,7,82.0,6.7,83.0,5.9,543.957418,155588.0,8.0,7.9,0.405,8.9
0,65.0,238.0,1,7.35,17.46405901,93.0,0,39.0,1,93.0,5.83,93.0,1.8,198.455216,75946.0,5.7,5.5,0.619,11.4
0,65.4,247.0,1,6.71,15.54978677,85.0,0,36.4,1,9.0,5.82,85.0,1.7,925.582546,752263.0,5.9,5.7,0.606,10.9
0,63.1,245.0,14,0.01,5.103249438,48.0,0,48.8,19,55.0,7.56,48.0,0.5,83.1148117,1572466.0,3.9,3.9,0.487,9.1
0,74.5,149.0,3,2.87,345.3776344,97.0,0,5.2,4,97.0,8.72,97.0,0.3,2242.711912,889216.0,2.1,2.1,0.618,11.4
0,74.3,15.0,4,3.11,311.7553193,97.0,0,49.3,4,97.0,9.15,97.0,0.4,2136.77395,8657785.0,2.2,2.1,0.614,11.6
0,73.6,156.0,4,3.1,302.1057507,97.0,0,46.8,5,97.0,8.45,97.0,0.4,1932.85829,8194778.0,2.3,2.2,0.606,11.5
0,72.2,165.0,5,3.02,188.2499208,93.0,0,42.0,7,94.0,7.89,94.0,1.2,1217.657961,724153.0,2.6,2.5,0.571,10.4
0,71.3,171.0,6,2.74,15.36175284,95.0,0,39.6,8,99.0,6.88,96.0,1.6,113.4546,669361.0,2.7,2.7,0.557,9.9
0,67.6,187.0,1000,3.11,67.67230438,7.0,13822,17.5,1300,82.0,4.53,83.0,0.2,1452.195373,127856227.0,26.8,27.5,0.599,11.5
0,67.3,19.0,1100,3.1,64.96964491,73.0,18668,17.0,1400,79.0,4.39,82.0,0.2,1446.98541,126365852.0,26.9,27.6,0.59,11.3
0,66.4,196.0,1200,2.77,57.73359864,38.0,31458,15.9,1600,76.0,4.28,79.0,0.2,1345.77153,12398691.0,27.0,27.8,0.569,10.4
0,66.0,2.0,1300,2.5,0.844186331,37.0,56188,15.4,1700,73.0,4.38,74.0,0.2,19.317765,121427132.0,27.0,27.8,0.563,10.5
0,68.1,187.0,138,0.08,190.5453646,83.0,18869,22.9,167,82.0,2.74,81.0,0.3,3113.48635,242524123.0,1.6,1.5,0.656,12.1
0,67.9,189.0,143,0.08,125.7980678,82.0,20818,22.1,174,85.0,2.83,78.0,0.3,2254.44566,23934478.0,1.7,1.6,0.645,11.7
0,67.3,191.0,159,0.06,72.0159316,66.0,20422,19.7,194,78.0,2.91,72.0,0.1,1586.254,22983822.0,1.8,1.8,0.632,10.9
0,66.9,189.0,173,0.05,8.460155758,64.0,24457,17.5,215,8.0,2.53,71.0,0.1,164.59447,22545214.0,1.9,11.0,0.613,10.8
0,66.3,188.0,187,0.06,3.43334364,65.0,3344,15.4,237,72.0,1.98,75.0,0.1,78.92744,21154429.0,11.0,11.2,0.597,10.7
0,67.9,199.0,32,0.01,43.5240801,62.0,1317,58.5,39,67.0,5.54,64.0,0.1,673.74737,3568.0,5.3,5.1,0.658,10.1
0,64.7,249.0,31,0.03,75.25799773,59.0,474,53.2,38,63.0,3.0,59.0,0.1,2351.812429,27697912.0,5.4,5.1,0.631,10.2
1,81.0,67.0,0,10.49,703.5527332,95.0,51,61.3,0,96.0,8.1,96.0,0.1,5234.76736,4598294.0,0.3,0.2,0.902,18.6
0,82.1,61.0,1,2.69,4279.895512,97.0,50,64.2,1,96.0,7.89,96.0,0.1,36393.66932,8595.0,1.2,1.1,0.891,15.9
0,81.8,6.0,1,2.78,3830.184587,97.0,211,63.8,1,94.0,7.73,94.0,0.1,32569.59683,7915.0,1.2,1.1,0.889,15.9
0,81.5,63.0,1,2.55,508.6645438,98.0,5,62.6,1,96.0,7.46,96.0,0.1,27795.87671,74856.0,1.2,1.1,0.876,15.6
0,81.0,65.0,1,2.47,471.5533294,99.0,931,62.1,1,94.0,7.33,94.0,0.1,29657.4421,7388.0,1.1,1.1,0.877,15.8
0,84.0,68.0,1,2.23,33.58620657,96.0,9,61.1,1,94.0,7.38,95.0,0.1,2195.1769,7537.0,1.1,1.1,0.87,15.7
0,81.0,69.0,1,2.23,1895.342792,99.0,116,6.1,1,95.0,7.35,95.0,0.1,19888.172,689.0,1.1,1.1,0.863,15.9
0,79.7,71.0,1,2.32,1731.755747,98.0,124,59.6,1,93.0,7.44,93.0,0.1,18946.99942,66897.0,1.1,1.1,0.863,16.0
1,82.3,58.0,2,7.35,483.1916844,96.0,0,62.6,2,96.0,9.22,96.0,0.1,3537.27441,6233948.0,0.5,0.6,0.876,16.5
1,81.6,61.0,2,7.25,5243.316638,96.0,351,6.5,2,96.0,9.41,96.0,0.1,36976.84512,5995365.0,0.5,0.5,0.868,16.3
1,81.2,65.0,2,8.44,473.1915451,96.0,439,58.8,2,97.0,8.82,96.0,0.1,3341.7482,58143979.0,0.5,0.5,0.856,16.0
1,80.0,72.0,2,9.25,2883.334911,95.0,9385,56.4,3,96.0,8.23,93.0,0.1,22196.5736,57597.0,0.5,0.5,0.836,15.2
1,79.8,75.0,2,9.69,3.1222302,95.0,0,55.7,3,96.0,8.11,93.0,0.1,24.819,569741.0,0.5,0.5,0.828,14.9
1,79.4,77.0,3,9.78,31.50582204,94.0,1457,55.0,3,97.0,7.91,87.0,0.1,251.2426,5694218.0,0.5,0.5,0.823,14.8
0,75.8,133.0,1,3.83,427.3054534,92.0,0,53.5,1,93.0,5.36,92.0,0.5,4855.743789,286287.0,1.8,1.7,0.727,12.8
0,75.3,138.0,1,3.65,37.17108782,96.0,0,52.0,1,96.0,5.66,96.0,0.5,521.33363,284992.0,1.8,1.7,0.725,12.8
0,75.2,139.0,1,3.58,33.17529686,92.0,1,51.2,1,93.0,5.21,92.0,0.6,513.549487,2829493.0,1.8,1.7,0.722,12.8
0,74.0,15.0,1,3.63,194.092569,97.0,0,47.2,1,99.0,4.22,95.0,1.5,4313.1682,276279.0,1.9,1.7,0.709,12.5
0,73.3,165.0,1,3.67,192.3226305,98.0,0,45.4,1,97.0,4.8,98.0,2.3,3719.97351,2728777.0,1.9,1.8,0.689,11.1
0,73.1,166.0,1,3.48,155.5884677,36.0,0,44.5,1,99.0,4.56,96.0,2.3,3465.221998,2712511.0,1.9,1.8,0.694,11.9
0,73.6,116.0,4,0.43,68.86623298,98.0,0,62.4,4,98.0,8.39,98.0,0.1,387.324145,7574943.0,3.8,3.9,0.737,13.1
0,73.1,119.0,4,0.61,535.2786404,97.0,2,6.1,4,98.0,8.78,97.0,0.1,3385.69665,6489822.0,3.8,3.8,0.739,13.6
0,73.0,12.0,4,0.6,373.2628643,98.0,41,59.3,4,98.0,8.35,98.0,0.1,2762.86354,6193191.0,3.8,3.8,0.736,13.6
0,72.8,121.0,4,0.59,313.3626015,98.0,1,58.6,4,98.0,8.8,98.0,0.1,2537.349,5934232.0,3.9,3.8,0.733,13.7
0,72.4,127.0,4,0.55,27.44252286,95.0,28,57.8,4,95.0,8.88,95.0,0.1,223.83787,5714111.0,3.9,3.8,0.73,13.8
0,71.9,131.0,4,0.55,248.697463,97.0,61,54.8,4,97.0,9.9,99.0,0.1,1728.2659,5193482.0,4.0,3.9,0.706,12.7
0,67.8,236.0,7,6.83,11.1516268,99.0,4,49.2,8,98.0,4.42,99.0,0.1,97.649972,16321581.0,2.3,2.5,0.763,14.5
0,67.8,235.0,7,6.64,808.243302,99.0,0,48.5,8,99.0,4.13,98.0,0.1,7165.2775,169271.0,2.3,2.5,0.758,14.6
0,65.3,288.0,8,7.44,499.730412,94.0,13,47.3,9,94.0,3.19,93.0,0.1,6771.414797,15484192.0,2.4,2.5,0.754,14.7
0,64.6,294.0,8,6.94,351.8603267,94.0,16118,46.3,9,99.0,4.7,98.0,0.1,3771.278957,1514729.0,2.4,2.5,0.737,13.9
0,64.7,287.0,8,6.55,33.91660183,99.0,2204,45.8,9,99.0,3.95,82.0,0.1,2874.288291,1512985.0,2.5,2.6,0.725,13.5
0,62.6,258.0,58,1.84,165.9304977,93.0,190,2.7,81,94.0,5.57,87.0,3.0,1229.114798,44826849.0,7.9,7.7,0.541,11.1
0,55.3,388.0,68,1.76,52.60385429,8.0,1847,16.9,104,77.0,4.24,8.0,10.3,697.66385,37525.0,8.5,8.4,0.483,9.7
0,52.1,437.0,76,1.66,32.73674134,84.0,766,15.1,118,83.0,4.54,84.0,15.7,395.8493511,332149.0,8.9,8.9,0.451,8.5
0,66.1,2.0,0,0.01,97.87193319,75.0,0,77.1,0,79.0,1.21,75.0,0.1,1684.54274,11458.0,0.1,0.1,0.597,11.9
0,64.1,222.0,0,0.46,11.07543331,9.0,0,67.9,0,9.0,8.12,9.0,0.1,796.7937634,8446.0,0.2,0.2,0.0,10.0
1,74.1,161.0,0,10.37,150.3116884,94.0,0,6.2,0,94.0,5.67,94.0,0.1,1532.22924,212647.0,2.2,2.2,0.814,15.4
1,71.0,26.0,0,8.81,80.0328375,98.0,0,56.6,0,99.0,6.51,99.0,0.1,6351.8125,2263122.0,2.5,2.6,0.776,15.5
1,69.9,228.0,0,6.68,332.2751709,96.0,1,55.7,0,97.0,6.17,97.0,0.1,3572.8513,233717.0,2.8,2.8,0.728,14.2
0,75.0,93.0,1,1.53,151.1526829,81.0,9,64.4,1,75.0,6.99,81.0,0.1,8787.94668,491644.0,4.8,4.8,0.763,13.3
0,74.7,95.0,1,1.62,8.140373615,81.0,22,63.0,1,75.0,7.42,81.0,0.1,84.268878,4183156.0,4.7,4.7,0.746,13.2
0,73.0,11.0,1,2.19,510.6035166,8.0,8,58.6,1,8.0,1.9,8.0,0.1,5253.122599,3359859.0,4.9,4.7,0.0,15.0
0,52.2,513.0,4,0.01,168.1348992,95.0,179,3.8,6,93.0,11.14,95.0,9.0,1281.516,289928.0,6.4,6.2,0.479,11.0
0,51.1,527.0,4,2.71,154.8705998,93.0,2488,29.7,6,92.0,1.87,93.0,13.4,1173.26212,24551.0,7.2,7.0,0.464,10.9
0,47.8,592.0,5,2.75,91.85432774,88.0,0,28.8,6,86.0,8.85,88.0,27.3,934.428563,199993.0,8.0,7.8,0.447,10.7
0,46.2,633.0,4,2.69,9.18432717,9.0,2,28.3,6,87.0,8.47,88.0,30.0,918.432717,1982287.0,8.4,8.3,0.44,10.6
0,58.1,329.0,8,0.01,54.37396957,5.0,34,26.7,11,49.0,1.4,5.0,0.9,458.4651734,439737.0,6.7,6.5,0.426,9.9
1,73.4,169.0,0,15.19,2211.744178,94.0,11,61.9,0,93.0,6.55,93.0,0.1,16554.97139,2932367.0,2.6,2.7,0.841,16.5
1,73.0,178.0,0,15.04,1968.816817,93.0,35,61.4,0,93.0,6.59,93.0,0.1,15712.82376,2957689.0,2.7,2.7,0.834,16.4
1,71.2,21.0,0,10.2,42.87208671,95.0,7,57.2,0,97.0,6.26,95.0,0.1,353.147337,347818.0,3.3,3.3,0.757,14.7
1,81.1,7.0,0,11.34,2284.58215,94.0,2,6.1,0,99.0,7.18,99.0,0.1,16749.136,53946.0,0.9,0.9,0.892,13.9
1,86.0,73.0,0,11.36,2267.252192,94.0,0,59.2,0,96.0,7.68,99.0,0.1,14965.361,56953.0,0.9,0.9,0.884,13.7
1,78.6,92.0,0,12.61,10111.38928,95.0,1,55.8,0,99.0,7.67,98.0,0.1,65445.8853,45163.0,1.0,0.9,0.865,13.6
1,78.3,95.0,0,12.91,910.5062778,95.0,0,55.2,0,99.0,8.27,99.0,0.1,5293.64115,446175.0,1.0,0.9,0.86,13.5
1,77.8,98.0,0,13.14,8246.130437,77.0,0,54.0,0,99.0,7.48,99.0,0.1,48735.99549,4363.0,1.0,1.0,0.848,13.5
0,65.1,225.0,29,0.01,5.339065673,73.0,3,2.0,39,73.0,3.4,73.0,0.3,452.4631926,2358981.0,7.2,7.1,0.509,10.3
0,63.8,241.0,31,0.97,78.79967196,73.0,0,18.5,43,73.0,4.24,73.0,0.4,454.963464,21743949.0,7.5,7.4,0.504,10.2
0,63.3,248.0,32,1.03,76.60442169,7.0,1,18.0,45,7.0,4.86,7.0,0.5,412.739341,2115164.0,7.6,7.5,0.503,10.2
0,59.3,271.0,41,0.9,47.5262138,51.0,10795,14.7,63,61.0,5.29,62.0,0.7,262.2859481,16765117.0,8.5,8.4,0.462,8.3
0,55.3,42.0,31,0.01,82.76865922,96.0,11,18.4,46,95.0,12.6,96.0,8.3,374.51882,169735.0,6.6,6.5,0.454,10.7
0,54.1,441.0,32,1.23,13.77617463,97.0,26,18.0,50,97.0,11.67,97.0,11.2,512.125451,15627618.0,6.7,6.6,0.444,10.6
0,46.0,66.0,39,1.04,5.670640102,93.0,184,15.9,62,94.0,8.2,93.0,22.4,28.3673842,1339711.0,7.4,7.2,0.371,9.7
0,74.0,131.0,3,0.47,431.5452472,96.0,153,34.4,4,97.0,3.97,97.0,0.1,7326.744435,2765383.0,8.3,8.2,0.756,12.6
0,73.6,134.0,3,0.42,365.9113978,95.0,564,31.6,4,95.0,3.65,95.0,0.1,6222.982955,26143566.0,8.8,8.6,0.732,12.7
0,78.2,62.0,0,0.01,2051.748615,99.0,0,26.2,0,99.0,13.73,99.0,0.1,7716.2415,41.0,13.6,13.7,0.693,12.7
0,77.9,64.0,0,0.01,1626.591186,99.0,0,25.1,0,99.0,11.16,99.0,0.1,7112.33575,393.0,13.7,13.8,0.683,12.4
0,71.8,124.0,0,1.95,4.299053392,98.0,926,16.2,0,98.0,5.78,98.0,0.1,32.37239,297.0,14.6,14.7,0.597,12.0
0,57.8,272.0,52,0.01,46.56231672,73.0,290,23.2,85,74.0,6.86,73.0,1.6,825.5729915,16962846.0,7.9,7.7,0.43,8.2
0,56.5,273.0,54,0.6,9.585584394,72.0,1719,2.7,91,77.0,6.35,73.0,1.5,78.377632,157585.0,8.8,8.5,0.396,7.3
0,56.0,276.0,55,0.59,84.63438925,71.0,2939,2.2,93,77.0,6.85,73.0,1.6,697.153124,1466597.0,9.0,8.8,0.385,7.1
0,55.5,278.0,55,0.57,102.1413744,74.0,98,19.6,94,74.0,6.74,74.0,1.6,689.6784228,14138216.0,9.2,9.0,0.36,5.8
0,53.6,29.0,57,0.55,60.21211141,83.0,33,18.0,101,78.0,6.34,77.0,1.9,487.942556,12798763.0,9.9,9.7,0.338,5.8
0,52.0,299.0,59,0.54,6.660451777,79.0,232,17.0,106,67.0,6.25,63.0,2.2,391.791281,125128.0,1.3,1.2,0.318,5.2
1,81.4,55.0,0,8.49,409.6000248,9.0,0,69.2,0,99.0,9.75,99.0,0.1,2618.92599,427364.0,0.8,0.8,0.847,14.3
1,83.0,62.0,0,7.91,278.0687051,75.0,0,67.6,0,76.0,8.3,76.0,0.1,2187.79469,41458.0,0.8,0.7,0.819,14.6
1,80.0,64.0,0,7.14,2655.573684,86.0,1,66.6,0,72.0,8.15,72.0,0.1,21928.767,49379.0,0.7,0.7,0.813,14.6
1,79.6,65.0,0,7.45,2578.888314,82.0,2,66.1,0,76.0,8.36,74.0,0.1,19375.5696,46724.0,0.7,0.7,0.808,14.4
1,78.5,71.0,0,6.7,1678.392773,89.0,4,63.9,0,94.0,8.6,94.0,0.1,13689.98999,398582.0,0.7,0.7,0.79,13.8
0,62.2,212.0,8,0.01,79.27658464,75.0,234,28.1,12,73.0,2.87,75.0,1.2,1393.261593,3717672.0,8.5,8.3,0.487,7.7
0,61.4,217.0,8,0.02,61.76263795,74.0,4,26.1,12,73.0,3.23,74.0,1.3,1167.535689,347541.0,9.2,8.9,0.475,7.2
0,69.0,221.0,8,0.01,55.79836969,68.0,22,24.8,12,68.0,3.21,68.0,1.3,944.134851,322653.0,9.6,9.4,0.466,7.2
0,66.0,223.0,8,0.01,55.12187071,42.0,127,24.2,12,71.0,4.21,71.0,1.3,697.7451989,31372.0,9.8,9.6,0.461,7.2
0,73.9,154.0,0,0.01,915.1859205,98.0,0,31.8,0,98.0,4.76,98.0,0.1,9291.227619,1255882.0,7.1,7.0,0.756,14.3
0,71.8,165.0,0,3.73,502.3844946,97.0,3,28.6,0,98.0,4.38,97.0,0.1,5695.969327,1233996.0,7.6,7.5,0.713,13.4
0,71.5,174.0,0,4.08,407.779262,97.0,777,26.9,0,99.0,4.15,99.0,0.1,4623.347642,121337.0,7.9,7.8,0.687,12.6
0,71.5,177.0,0,4.38,70.15536981,92.0,0,25.8,0,93.0,3.87,92.0,0.1,3792.182152,1196287.0,8.0,8.0,0.673,12.2
0,76.6,122.0,31,5.26,168.173753,84.0,3,62.8,36,87.0,6.3,87.0,0.1,1452.27766,1242216.0,1.6,1.5,0.754,13.1
0,76.3,123.0,33,5.29,112.696486,99.0,0,61.5,38,99.0,6.21,99.0,0.1,982.532572,1282837.0,1.6,1.5,0.748,12.7
0,75.7,13.0,36,5.27,881.7364327,95.0,0,59.4,42,95.0,6.6,95.0,0.1,7748.12331,11555228.0,1.7,1.6,0.738,12.5
0,75.3,126.0,42,4.93,998.3498049,98.0,6,56.4,49,98.0,6.4,98.0,0.1,7986.798439,18472228.0,1.8,1.7,0.719,12.2
0,74.8,129.0,55,4.99,10.22840118,97.0,30,52.4,66,97.0,4.98,97.0,0.1,672.92113,11719673.0,2.0,1.9,0.694,11.4
0,68.4,225.0,1,0.01,281.0023992,99.0,0,51.5,1,99.0,4.73,99.0,0.1,4181.583321,2923896.0,2.2,2.3,0.729,14.8
0,66.3,25.0,1,5.8,22.31624272,96.0,7,46.9,2,96.0,4.7,96.0,0.1,265.353659,271265.0,2.2,2.3,0.693,14.3
0,65.9,26.0,2,3.79,126.698109,98.0,12,43.9,2,99.0,5.6,95.0,0.1,1634.81431,259167.0,2.2,2.4,0.661,13.0
0,64.5,274.0,2,2.75,98.68367951,98.0,0,42.1,2,99.0,5.9,99.0,0.1,998.8226671,2526446.0,2.3,2.4,0.637,11.8
0,63.8,263.0,2,2.43,55.60878216,98.0,1205,39.8,2,98.0,5.81,98.0,0.1,571.51883,2443659.0,2.4,2.5,0.599,10.1
0,75.6,11.0,0,0.01,648.1331781,9.0,0,6.2,0,94.0,7.25,94.0,0.1,6586.71929,6261.0,1.9,1.9,0.797,15.1
0,75.4,113.0,0,6.56,666.7374371,91.0,5,59.7,0,95.0,6.92,95.0,0.1,7318.742449,6279.0,1.9,2.0,0.792,15.1
0,75.0,117.0,0,6.45,489.6818699,87.0,0,58.5,0,91.0,6.7,92.0,0.1,6698.79439,618294.0,2.0,2.1,0.785,14.6
0,74.1,96.0,18,0.43,198.7343495,99.0,10,57.5,21,99.0,5.91,99.0,0.1,3154.513484,3431882.0,6.4,6.2,0.64,12.1
0,73.3,14.0,19,0.54,22.0945504,98.0,982,54.6,22,98.0,5.99,99.0,0.1,339.91616,32858823.0,6.3,6.2,0.612,11.2
0,71.4,128.0,21,0.56,157.6431445,95.0,2248,5.8,25,95.0,5.48,95.0,0.1,2494.353552,31225881.0,6.4,6.3,0.581,10.0
0,54.0,47.0,69,0.96,5.743393664,74.0,2321,2.5,98,73.0,5.38,74.0,10.8,419.2258149,2422145.0,3.7,3.6,0.39,9.3
0,53.8,4.0,70,1.18,39.75216936,74.0,60,2.1,101,74.0,5.43,74.0,11.3,463.852618,2352463.0,3.7,3.6,0.382,9.2
0,53.2,45.0,72,1.48,0.796915785,75.0,4,19.7,104,74.0,4.91,75.0,12.6,53.127719,22846758.0,3.7,3.7,0.372,8.8
0,52.1,425.0,74,1.03,53.9502789,75.0,267,19.3,108,75.0,5.25,75.0,14.1,422.1461573,22188387.0,3.8,3.7,0.36,8.2
0,51.2,434.0,78,1.2,58.59644487,75.0,183,18.9,113,73.0,6.51,78.0,16.3,385.7567141,21547463.0,3.8,3.7,0.353,7.9
0,49.8,416.0,87,2.16,40.82597077,76.0,7155,17.3,127,76.0,6.45,76.0,14.5,262.884551,19139658.0,4.0,4.0,0.311,6.2
0,65.6,27.0,47,0.33,21.23698847,4.0,2046,2.5,61,9.0,1.87,84.0,0.5,1186.423937,555331.0,13.0,13.3,0.526,9.1
0,65.4,29.0,49,0.3,17.48293752,92.0,190,19.8,65,9.0,1.92,9.0,0.5,987.7365832,5155896.0,13.1,13.3,0.515,8.8
0,59.2,296.0,59,0.3,9.53048032,85.0,333,18.3,96,85.0,1.87,85.0,0.6,643.951373,49479752.0,13.2,13.4,0.493,8.2
0,64.5,217.0,58,0.26,0.5305728,85.0,1088,17.6,78,84.0,1.68,86.0,0.6,41.451,49171586.0,13.2,13.5,0.484,8.1
0,66.1,232.0,3,0.01,760.6550553,89.0,1028,34.1,3,89.0,8.53,89.0,2.5,5488.131712,231652.0,9.0,8.9,0.625,11.6
0,65.8,232.0,3,0.01,796.8734263,84.0,86,33.3,4,84.0,8.24,84.0,3.7,5749.44752,2263934.0,9.5,9.4,0.619,11.5
0,68.9,167.0,20,0.26,80.58788376,9.0,3362,17.4,25,9.0,5.89,9.0,0.2,681.7925868,27649925.0,16.3,16.7,0.538,12.3
0,68.4,172.0,22,0.27,112.1229028,92.0,2359,16.9,27,92.0,6.73,92.0,0.2,692.1166842,27327147.0,16.5,16.9,0.529,12.0
0,67.0,189.0,27,0.21,70.27113179,82.0,2089,15.4,35,82.0,6.44,82.0,0.2,473.844449,26475859.0,17.0,17.6,0.492,10.1
0,66.0,21.0,31,0.2,45.87989927,69.0,2838,14.4,41,91.0,5.7,89.0,0.2,348.6314534,2594618.0,17.4,18.0,0.476,9.6
1,81.7,58.0,1,0.01,1491.703605,92.0,140,61.6,1,96.0,1.9,96.0,0.1,52157.4687,168658.0,1.0,0.9,0.923,18.1
1,81.1,62.0,1,9.05,1162.656768,2.0,10,6.5,1,97.0,11.1,97.0,0.1,49474.7561,16754962.0,1.0,0.9,0.921,18.1
0,73.9,157.0,2,3.63,334.8174246,98.0,0,51.7,3,99.0,8.4,98.0,0.1,1792.3845,587718.0,1.8,1.7,0.625,11.5
0,73.2,154.0,3,3.38,302.7045411,98.0,0,5.2,3,99.0,6.58,98.0,0.1,1526.497938,5737723.0,1.9,1.8,0.614,11.4
0,73.0,17.0,3,3.69,21.41123529,88.0,0,47.1,4,88.0,6.33,88.0,0.3,124.992617,545211.0,2.0,1.9,0.597,11.0
0,76.0,198.0,4,3.77,2.542436908,86.0,0,44.9,5,86.0,6.12,86.0,0.3,115.565314,524879.0,2.1,2.0,0.583,11.0
0,73.0,192.0,4,3.61,15.25518816,83.0,0,42.8,5,85.0,5.39,83.0,0.4,116.2743,526796.0,2.2,2.1,0.562,10.1
0,57.1,263.0,51,0.11,5.665405066,71.0,801,16.9,99,71.0,6.98,71.0,1.1,341.2894618,15813913.0,11.0,1.8,0.307,4.2
0,52.0,374.0,521,8.9,133.1230872,49.0,8491,22.2,817,54.0,3.47,54.0,4.8,2327.3267,158578261.0,11.3,11.2,0.492,9.5
0,55.0,388.0,542,9.55,104.4746444,42.0,2613,2.4,863,54.0,4.47,42.0,5.2,1136.829645,14641724.0,12.3,12.3,0.477,9.1
0,49.2,4.0,556,9.71,6.416252787,18.0,110927,19.3,893,45.0,4.11,36.0,5.4,87.8938738,138939478.0,12.9,12.9,0.463,8.9
0,66.2,162.0,359,0.01,62.29361092,72.0,1370,24.7,442,72.0,2.61,72.0,0.1,1316.98966,185546257.0,19.4,19.8,0.542,7.8
0,65.7,165.0,369,0.04,59.65900139,72.0,8046,23.2,456,72.0,2.76,72.0,0.1,1261.28967,177911533.0,19.8,2.2,0.529,7.6
0,65.1,172.0,372,0.04,0.66751505,82.0,4321,21.9,461,82.0,3.2,82.0,0.1,14.142268,1756182.0,2.2,2.7,0.521,7.5
0,64.2,179.0,365,0.03,40.36829999,78.0,7641,19.5,458,77.0,3.4,78.0,0.1,873.772727,15793993.0,21.0,21.5,0.501,6.5
0,63.5,185.0,366,0.01,24.23455671,63.0,4740,17.9,466,69.0,2.61,67.0,0.1,563.594342,1477341.0,21.6,22.0,0.465,5.6
0,61.6,288.0,11,0.82,20.53327531,66.0,0,44.2,14,79.0,4.36,73.0,1.1,1166.66337,6947447.0,1.4,1.3,0.477,9.2
0,59.9,314.0,11,0.58,158.001946,6.0,1385,4.4,15,59.0,8.39,62.0,1.5,637.3616215,6161517.0,1.5,1.4,0.439,7.6
0,59.6,321.0,11,0.59,124.3789361,67.0,3863,39.6,14,62.0,6.79,68.0,1.4,588.3582595,61724.0,1.5,1.4,0.433,7.2
0,59.3,327.0,11,0.61,110.9803062,6.0,17620,38.9,14,54.0,7.69,61.0,1.4,511.665773,5862316.0,1.5,1.5,0.428,6.9
0,59.1,331.0,11,0.68,93.37278497,59.0,4023,38.2,14,52.0,6.68,55.0,1.3,539.41528,5716152.0,1.5,1.5,0.422,6.6
0,72.5,159.0,3,5.61,318.6201852,86.0,0,44.2,4,95.0,6.41,95.0,0.1,2312.192926,5966159.0,2.2,2.1,0.649,12.0
0,71.9,165.0,3,6.2,20.60083027,9.0,0,42.0,4,92.0,5.78,92.0,0.2,148.527976,57374.0,2.3,2.2,0.639,12.1
0,74.5,133.0,9,4.83,759.5380695,91.0,0,52.9,12,91.0,4.93,91.0,0.2,5771.565878,29759989.0,1.1,1.1,0.721,13.4
0,67.3,219.0,63,4.08,121.3625467,77.0,9,2.6,82,88.0,3.95,88.0,0.1,1391.772325,8789419.0,1.0,9.7,0.646,11.5
0,67.2,217.0,67,4.44,0.901149288,52.0,10511,19.2,87,85.0,3.25,84.0,0.1,11.553196,8331954.0,1.0,9.7,0.631,11.6
1,76.8,125.0,2,10.81,230.040097,97.0,71,59.7,2,95.0,6.62,99.0,0.1,13145.1484,3863164.0,2.0,2.1,0.834,15.3
1,74.5,145.0,3,8.02,516.0554391,98.0,34,54.0,3,98.0,6.32,99.0,0.1,5196.932921,3823364.0,2.5,2.6,0.79,15.0
1,82.0,85.0,0,11.92,3108.288623,97.0,2,58.8,0,97.0,1.7,97.0,0.1,23196.18375,155756.0,0.7,0.5,0.818,16.2
1,79.0,92.0,0,12.35,3652.869332,97.0,1,56.5,0,97.0,9.9,97.0,0.1,24815.6884,1558177.0,0.7,0.5,0.804,15.8
1,78.5,96.0,0,13.11,2884.020194,97.0,0,54.9,0,97.0,9.67,97.0,0.1,19821.44463,1522288.0,0.7,0.5,0.793,15.4
1,74.8,135.0,2,0.01,1.576409172,94.0,59,59.9,2,94.0,5.57,94.0,0.1,12.27733,1998979.0,2.6,2.8,0.797,14.7
1,74.4,138.0,2,9.58,1078.358105,96.0,7450,58.4,2,92.0,5.48,91.0,0.1,8558.39766,25835.0,2.8,3.0,0.797,15.3
0,73.0,225.0,13,10.12,1340.553699,97.0,4711,59.9,15,97.0,7.7,97.0,0.1,14125.961,143819666.0,2.3,2.3,0.803,14.9
0,64.6,239.0,13,0.01,9.774676411,98.0,75,19.5,18,98.0,7.68,98.0,0.7,678.796973,1788853.0,6.1,6.1,0.475,10.5
0,62.8,26.0,16,7.92,63.78723633,97.0,121,18.3,23,93.0,7.91,97.0,2.3,563.491487,1246842.0,6.5,6.3,0.454,10.0
0,57.6,328.0,22,6.88,78.47020226,99.0,494,15.9,34,99.0,1.2,99.0,6.2,342.3656294,92658.0,6.8,6.8,0.404,9.3
0,55.3,37.0,24,7.01,39.44666715,95.0,129,15.4,38,95.0,6.83,95.0,7.1,287.931877,8991735.0,6.8,7.0,0.388,8.8
0,52.0,48.0,29,6.66,33.30286123,96.0,1064,14.5,46,96.0,6.34,96.0,8.1,212.6619491,868346.0,7.0,7.3,0.359,7.6
0,76.0,174.0,0,3.3,208.1688437,86.0,0,67.4,0,85.0,5.1,86.0,0.1,1631.41727,176582.0,0.2,0.2,0.653,12.1
0,75.0,175.0,0,3.43,199.4118322,89.0,0,66.5,0,83.0,5.16,85.0,0.1,1555.47451,175566.0,0.2,0.2,0.645,12.0
0,66.2,24.0,0,5.58,63.04032682,98.0,0,26.9,0,98.0,5.24,98.0,0.5,1129.754961,174776.0,6.1,6.0,0.542,10.6
0,65.4,215.0,0,4.36,62.8565863,99.0,0,25.4,0,99.0,5.66,99.0,0.9,1126.46212,166913.0,6.5,6.4,0.531,10.4
0,65.1,217.0,0,4.14,49.93698173,87.0,0,24.7,0,98.0,7.44,97.0,1.2,894.927988,16311.0,6.7,6.6,0.527,10.3
0,65.6,2.0,20,0.28,10.20659464,91.0,46,22.7,29,83.0,4.31,91.0,0.4,136.4518,1373513.0,1.0,9.9,0.463,8.3
0,64.9,26.0,20,0.32,1.431051664,92.0,18,22.2,31,89.0,4.42,92.0,0.4,18.25321,13391.0,1.2,1.1,0.455,7.9
0,62.8,225.0,22,0.28,1.08833088,88.0,6,2.8,34,87.0,4.94,88.0,0.6,11.33678,1223957.0,1.8,1.7,0.435,7.1
0,74.9,126.0,1,9.38,742.5109709,97.0,0,58.3,1,93.0,9.89,91.0,0.1,5659.3824,719977.0,2.1,2.1,0.767,14.0
0,74.4,128.0,1,9.65,774.4396617,89.0,20,57.0,1,91.0,1.9,91.0,0.1,5411.87744,7291436.0,2.2,2.3,0.755,13.6
0,72.6,177.0,0,9.72,1121.475547,99.0,0,34.2,0,99.0,3.38,99.0,0.1,12189.9516,87441.0,5.7,6.1,0.744,13.3
0,72.3,182.0,0,4.94,75.2256582,99.0,0,32.4,0,99.0,2.64,99.0,0.1,976.9566,87298.0,5.8,6.2,0.739,13.2
0,72.2,184.0,0,6.33,701.8526364,99.0,0,31.8,0,99.0,2.64,99.0,0.1,11122.8627,86956.0,5.9,6.3,0.739,13.2
0,72.2,185.0,0,8.12,916.4741775,99.0,1,31.2,0,99.0,3.3,99.0,0.1,12154.82994,8533.0,5.9,6.3,0.733,13.1
0,72.1,186.0,0,7.91,12.94324581,99.0,0,29.2,0,99.0,4.17,99.0,0.1,1176.65871,82475.0,6.0,6.4,0.715,12.3
0,48.1,463.0,23,0.01,1.443286353,83.0,1006,23.8,32,83.0,11.9,83.0,0.6,78.4394757,779162.0,7.5,7.4,0.426,9.5
0,54.0,47.0,23,0.01,1.321464076,92.0,15,23.3,33,92.0,11.59,92.0,0.8,71.8186998,692279.0,7.7,7.6,0.413,9.3
0,49.7,411.0,25,0.01,54.56033696,91.0,678,22.7,35,91.0,11.24,91.0,0.9,561.8984239,676613.0,7.9,7.8,0.401,9.1
0,47.1,433.0,28,3.97,49.8371267,84.0,31,21.2,42,81.0,13.13,84.0,1.7,394.5932439,63126.0,8.5,8.4,0.375,8.5
0,46.2,441.0,29,3.91,5.379606465,77.0,44,2.7,44,75.0,1.29,77.0,1.9,46.3759178,6165372.0,8.7,8.7,0.367,8.3
0,68.8,183.0,0,0.01,3.718438799,88.0,0,49.7,0,94.0,5.5,88.0,0.1,29.652622,57554.0,1.1,1.2,0.512,9.6
0,68.8,182.0,0,0.01,24.73328608,94.0,0,48.9,0,99.0,5.42,94.0,0.1,188.5159,563513.0,1.1,1.2,0.509,9.5
0,68.5,186.0,0,0.99,229.6687488,99.0,0,47.2,0,99.0,5.8,99.0,0.1,1642.837974,539614.0,1.2,1.2,0.497,9.4
0,58.0,428.0,43,7.28,1038.885632,71.0,12499,47.2,62,72.0,8.5,72.0,11.0,7362.76139,5979432.36,7.3,8.9,0.63,12.8
0,55.3,473.0,50,8.19,780.0336423,76.0,39,45.7,75,77.0,7.75,79.0,23.5,5786.59972,49557573.3,8.9,1.7,0.616,12.9
0,53.8,498.0,55,8.69,709.3170967,79.0,615,43.6,84,75.0,7.77,79.0,29.5,5414.634326,476667.24,11.6,13.9,0.609,12.9
0,54.9,459.0,54,7.04,346.5316007,72.0,1043,41.6,79,7.0,8.9,7.0,26.6,2518.398261,45855482.88,14.5,17.1,0.62,12.9
0,56.0,429.0,52,7.38,365.2585722,72.0,1166,4.9,76,71.0,8.31,71.0,24.0,2681.781,45312937.0,15.4,18.1,0.629,13.0
1,88.0,73.0,2,11.86,4460.390006,97.0,362,61.1,2,98.0,8.23,98.0,0.1,28482.6948,44397319.0,0.6,0.5,0.844,15.9
1,81.0,77.0,2,11.92,405.4475981,96.0,22,6.5,2,96.0,8.12,96.0,0.1,2651.71745,43653155.0,0.6,0.5,0.837,15.8
1,81.0,79.0,2,11.96,3715.370095,97.0,26,59.9,2,97.0,8.5,97.0,0.1,24918.64584,42921895.0,0.6,0.5,0.833,15.6
1,79.4,83.0,2,12.09,3205.019918,81.0,256,59.3,2,99.0,7.99,98.0,0.1,21495.7741,42187645.0,0.6,0.5,0.83,15.6
1,79.5,83.0,2,12.26,228.3543024,82.0,67,58.8,2,98.0,7.25,98.0,0.1,1719.53541,41431558.0,0.6,0.5,0.828,15.7
1,79.1,86.0,2,11.12,1934.398154,77.0,152,57.6,2,95.0,7.21,95.0,0.1,14676.769,4567864.0,0.6,0.5,0.82,15.7
0,74.7,141.0,3,2.37,42.7308283,99.0,1686,22.7,3,99.0,3.5,99.0,0.1,382.54994,2771.0,15.2,15.0,0.76,14.0
0,74.5,141.0,3,3.03,20.83302367,99.0,60,2.5,4,99.0,3.28,99.0,0.1,322.992615,2271.0,15.3,15.3,0.746,13.6
0,74.5,138.0,3,2.31,191.7267589,99.0,79,19.8,4,99.0,3.43,99.0,0.1,2819.511161,2119.0,15.3,15.3,0.739,13.5
0,73.7,146.0,4,2.29,127.6377505,98.0,44,17.9,5,98.0,3.76,98.0,0.1,1644.816372,19668.0,15.4,15.5,0.725,13.2
0,74.2,138.0,4,1.97,97.76637062,99.0,3,16.6,5,99.0,4.6,99.0,0.1,1259.87591,19373.0,15.4,15.5,0.712,12.9
0,73.9,146.0,5,1.69,72.4280894,32.0,65,15.6,5,98.0,3.95,99.0,0.1,989.4547732,1983.0,15.4,15.5,0.697,12.7
0,76.0,187.0,0,5.64,989.1263558,86.0,0,55.5,0,86.0,5.93,86.0,0.1,8318.97692,531589.0,3.5,3.4,0.704,12.5
0,73.0,19.0,0,5.26,99.08095375,86.0,0,54.8,0,96.0,5.81,96.0,0.5,833.31332,52613.0,3.5,3.4,0.7,12.3
0,58.4,382.0,2,0.01,574.3895102,98.0,0,31.8,3,98.0,9.25,98.0,7.3,3464.35169,129597.0,4.3,4.3,0.541,11.4
0,55.0,438.0,2,5.2,735.7090978,91.0,0,3.2,3,85.0,8.61,91.0,15.7,3934.27325,1225258.0,5.1,5.2,0.526,11.2
0,53.6,459.0,2,4.93,56.93670561,89.0,313,29.7,4,89.0,8.47,89.0,21.6,369.239336,122843.0,5.4,5.6,0.523,11.0
0,51.4,477.0,3,4.87,413.0063027,9.0,1,28.9,4,89.0,8.19,88.0,40.2,2842.438422,1158897.0,6.1,6.3,0.514,10.6
0,45.6,69.0,3,5.78,37.43857664,93.0,0,27.4,4,88.0,5.88,86.0,50.3,2529.633557,19553.0,7.7,7.9,0.492,9.4
1,82.3,54.0,0,7.3,1142.212403,67.0,26,59.0,0,98.0,11.93,98.0,0.1,5918.19898,969611.0,1.5,1.3,0.906,15.8
1,81.9,57.0,0,7.3,1212.666327,67.0,51,58.5,0,98.0,11.97,98.0,0.1,6283.24522,96379.0,1.4,1.3,0.904,15.8
0,73.7,123.0,8,0.97,122.6523334,83.0,517,48.5,10,83.0,3.78,8.0,0.1,1762.24617,18914977.0,6.4,6.3,0.636,11.4
0,68.1,166.0,10,0.32,51.9919227,96.0,1,37.4,12,97.0,5.98,96.0,0.2,834.5412953,7815949.0,3.7,3.7,0.608,11.1
0,67.3,171.0,10,0.32,43.34099958,93.0,0,36.6,12,95.0,6.4,93.0,0.2,738.3475227,764163.0,3.7,3.8,0.603,11.1
0,65.5,194.0,10,0.37,19.83672308,81.0,0,33.5,12,79.0,5.89,84.0,0.3,337.359236,6854176.0,3.8,3.9,0.572,10.6
0,65.2,182.0,11,0.36,13.25723997,58.0,2144,32.5,14,82.0,4.46,85.0,0.3,236.314438,6576877.0,4.0,4.0,0.553,10.1
0,64.3,193.0,12,0.6,10.68147485,39.0,927,32.1,15,84.0,4.48,85.0,0.3,189.3878519,6447688.0,4.0,4.0,0.543,9.8
0,74.6,152.0,8,6.41,789.0772949,99.0,0,32.4,10,99.0,4.12,99.0,0.1,5941.8471,68416772.0,7.8,7.8,0.737,13.6
0,74.5,153.0,9,6.5,788.6873403,99.0,2641,31.3,10,99.0,4.0,99.0,0.1,6171.262444,6814365.0,7.9,7.9,0.733,13.6
0,74.1,155.0,10,6.07,748.4451054,98.0,3156,29.0,11,99.0,4.12,99.0,0.2,5491.159981,675313.0,8.1,8.2,0.72,13.3
0,73.5,162.0,11,5.92,609.9511632,98.0,7790,25.7,13,99.0,3.92,99.0,0.3,4378.68746,6654576.0,8.5,8.6,0.7,12.9
0,73.3,165.0,12,6.2,520.7639087,96.0,3893,24.6,14,98.0,3.56,98.0,0.4,3972.26475,66195615.0,8.6,8.8,0.687,12.3
0,73.0,168.0,13,6.18,433.9210918,96.0,3588,23.6,15,98.0,3.49,98.0,0.5,3368.952576,65824164.0,8.7,8.9,0.686,12.4
0,71.4,192.0,16,5.93,27.63810304,95.0,10315,2.2,19,97.0,3.7,96.0,0.7,296.54617,6473164.0,9.2,9.5,0.657,11.5
0,68.0,155.0,2,0.01,28.14578503,77.0,47,17.0,2,76.0,1.48,77.0,0.1,1153.51578,1212814.0,1.9,11.1,0.612,12.5
0,67.4,159.0,2,0.01,30.17998548,83.0,16,16.2,2,83.0,1.1,83.0,0.1,1117.77724,115676.0,11.2,11.3,0.618,12.5
0,66.9,163.0,2,0.1,38.58376645,72.0,50,15.5,3,72.0,0.92,72.0,0.1,849.8626972,119591.0,11.5,11.5,0.599,12.4
0,66.6,165.0,2,0.09,36.199487,72.0,10,15.1,3,78.0,1.2,72.0,0.1,757.3114436,19221.0,11.6,11.6,0.599,12.1
0,66.2,168.0,2,0.06,36.69198927,79.0,0,14.7,3,79.0,0.74,79.0,0.1,643.71911,17811.0,11.7,11.7,0.566,11.7
0,73.3,135.0,0,0.01,565.9672173,8.0,0,74.8,0,82.0,5.18,8.0,0.1,4192.349758,15782.0,0.1,0.1,0.716,14.3
0,72.8,142.0,0,1.24,471.8307668,82.0,0,72.7,0,84.0,4.59,82.0,0.1,3547.59975,14137.0,0.1,0.1,0.707,14.4
0,72.5,147.0,0,1.08,4.783805563,84.0,0,72.1,0,86.0,4.67,84.0,0.1,37.846563,1364.0,0.1,0.1,0.703,14.5
0,72.5,146.0,0,2.05,568.8692813,87.0,0,7.8,0,88.0,5.82,87.0,0.1,2932.315883,12357.0,0.1,0.1,0.698,14.5
0,72.4,148.0,0,1.79,503.5881956,89.0,0,7.1,0,89.0,5.61,88.0,0.1,2892.522663,11689.0,0.1,0.1,0.695,14.6
0,72.3,15.0,0,1.57,689.9440223,89.0,0,69.4,0,9.0,6.52,89.0,0.1,2594.74999,1141.0,0.1,0.1,0.694,14.6
0,71.9,155.0,0,1.51,310.8203382,88.0,0,67.0,0,85.0,5.3,84.0,0.1,1842.44421,99184.0,0.1,0.1,0.679,13.5
0,71.8,157.0,0,1.35,330.1007394,91.0,4,66.2,0,91.0,5.66,89.0,0.1,1837.977391,98611.0,0.1,0.1,0.674,13.2
0,71.0,172.0,0,6.71,167.2657906,92.0,0,45.0,0,94.0,5.98,92.0,0.3,1967.83283,1348248.0,5.8,6.0,0.773,12.7
0,78.0,174.0,0,6.7,1486.236406,92.0,0,44.0,0,91.0,5.78,92.0,0.4,19152.531,1341588.0,5.9,6.1,0.772,12.6
0,76.0,176.0,0,6.5,144.9850711,9.0,0,43.0,0,91.0,5.6,9.0,0.4,1953.9767,1334788.0,5.9,6.2,0.774,12.6
0,69.7,187.0,0,6.37,136.8836683,89.0,0,39.3,0,9.0,4.82,88.0,0.7,1653.1844,13926.0,6.1,6.5,0.76,12.4
0,69.6,188.0,0,6.35,103.3710689,89.0,0,38.4,0,89.0,4.49,92.0,0.6,1495.96337,133144.0,6.2,6.6,0.751,12.3
0,69.5,189.0,0,6.12,1187.949491,95.0,0,37.6,0,95.0,5.31,95.0,0.5,12323.1275,1296934.0,6.3,6.7,0.745,12.3
0,69.4,19.0,0,5.82,11.85100131,94.0,0,36.8,0,94.0,5.22,94.0,1.0,129.51914,129535.0,6.3,6.8,0.736,12.2
0,69.3,191.0,0,5.53,78.72216127,76.0,0,36.0,1,91.0,5.13,91.0,0.5,884.518666,128452.0,6.4,6.9,0.729,12.0
0,69.2,192.0,0,5.12,72.03911741,5.0,0,35.2,1,96.0,5.0,96.0,2.0,749.626612,1277837.0,6.5,7.0,0.721,11.9
0,75.1,12.0,3,1.39,604.8701316,98.0,15,6.2,3,98.0,7.0,98.0,0.1,4271.68172,1114398.0,6.5,6.4,0.722,14.7
0,74.8,12.0,3,1.28,64.85616718,98.0,1,56.5,3,98.0,6.54,98.0,0.1,414.15177,1639931.0,6.3,6.3,0.71,14.4
0,74.7,12.0,3,1.4,585.6307861,99.0,1,55.6,3,99.0,6.18,99.0,0.1,4129.977335,1521834.0,6.3,6.3,0.706,14.4
0,74.4,12.0,3,1.46,420.1153538,99.0,3,53.1,4,99.0,5.64,99.0,0.1,3371.71231,1196136.0,6.3,6.3,0.689,14.2
0,75.5,17.0,16,1.45,181.9083783,96.0,565,65.3,19,96.0,5.41,96.0,0.1,12127.22522,773628.0,4.9,4.7,0.759,14.5
0,75.2,19.0,17,1.41,188.1440348,97.0,7405,64.5,20,98.0,5.38,98.0,0.1,12542.93565,75787333.0,4.9,4.7,0.754,14.4
0,74.2,116.0,21,1.49,32.78235828,96.0,7,61.9,25,97.0,5.61,97.0,0.1,1672.5693,72326914.0,4.9,4.7,0.715,13.0
0,72.4,129.0,30,1.29,832.9552058,85.0,6200,57.6,36,9.0,5.45,9.0,0.1,7384.354661,679346.0,5.0,4.9,0.681,11.9
0,78.0,14.0,41,1.49,256.4341746,77.0,30509,54.3,50,88.0,5.16,88.0,0.1,3119.63716,64191474.0,5.2,5.1,0.653,11.1
0,65.4,228.0,7,2.93,63.7481117,98.0,0,46.7,8,98.0,2.12,98.0,0.1,734.42525,5366277.0,3.2,3.3,0.678,10.7
0,63.5,238.0,6,2.86,186.1013972,96.0,1,4.0,8,98.0,4.3,97.0,0.1,1453.917166,473398.0,3.4,3.4,0.0,10.3
0,63.3,229.0,7,2.33,130.3784829,96.0,11,38.7,8,99.0,3.34,98.0,0.1,967.917468,4612.0,3.5,3.5,0.0,10.2
0,58.4,362.0,79,10.03,116.202964,8.0,1313,16.3,119,79.0,11.2,8.0,8.0,594.9972557,33915133.0,6.0,6.0,0.473,10.9
0,71.0,198.0,4,8.44,52.42529588,46.0,0,6.1,5,72.0,7.67,76.0,0.2,429.71554,454896.0,2.3,2.4,0.744,15.2
0,77.0,25.0,5,8.44,453.7830847,46.0,12746,59.6,5,72.0,7.47,76.0,0.2,3855.42128,455933.0,2.4,2.4,0.739,15.1
0,69.8,212.0,5,8.39,375.6835376,48.0,39,58.5,6,57.0,7.81,52.0,0.2,2965.142365,45877.0,2.4,2.5,0.728,14.9
0,67.7,273.0,5,9.46,456.4586664,84.0,48,57.6,6,91.0,6.63,9.0,0.4,3891.37823,462582.0,2.5,2.6,0.73,14.9
0,67.6,256.0,6,4.89,115.738974,48.0,7587,55.4,7,99.0,6.25,99.0,0.9,879.475486,48225.0,2.9,3.0,0.683,13.9
0,76.8,117.0,0,6.03,463.6397821,95.0,0,63.4,0,95.0,8.58,95.0,0.1,16737.89827,3419546.0,1.5,1.4,0.791,15.5
0,76.3,118.0,0,6.21,2331.532804,95.0,0,61.2,1,95.0,8.63,95.0,0.1,11938.212,3374415.0,1.5,1.5,0.777,15.6
0,75.4,124.0,1,6.67,14.47305874,94.0,0,59.5,1,94.0,8.23,94.0,0.1,79.69746,3339741.0,1.6,1.5,0.76,15.3
0,75.7,123.0,1,6.35,152.5448405,96.0,0,58.3,1,96.0,11.15,96.0,0.1,522.951116,3325612.0,1.6,1.6,0.753,15.5
0,75.4,122.0,1,5.66,882.356362,94.0,0,57.7,1,95.0,11.59,94.0,0.1,4117.38853,332496.0,1.7,1.6,0.75,15.5
0,75.4,124.0,1,5.86,27.46880965,95.0,0,56.3,1,93.0,7.18,95.0,0.1,488.768855,3327773.0,1.7,1.7,0.746,14.7
0,75.1,131.0,1,6.65,645.9583816,92.0,0,55.0,1,92.0,7.82,9.0,0.1,6871.897677,3321245.0,1.8,1.7,0.738,14.0
0,68.0,183.0,21,2.56,92.81479759,98.0,0,4.0,24,99.0,6.31,98.0,0.2,1213.265328,277674.0,3.1,3.1,0.651,11.8
0,67.9,184.0,22,2.36,13.89021225,91.0,2,39.3,25,98.0,5.92,98.0,0.3,182.28625,27328.0,3.1,3.1,0.644,11.9
0,67.8,184.0,22,2.15,9.290983645,99.0,863,38.7,26,98.0,5.81,96.0,0.3,83.476942,26868.0,3.1,3.1,0.631,11.8
0,67.3,192.0,24,1.78,40.13342094,99.0,737,37.5,28,99.0,5.11,99.0,0.3,546.776852,26167.0,3.2,3.2,0.62,11.7
0,67.8,183.0,24,1.59,34.41887163,99.0,75,37.0,29,99.0,5.11,99.0,0.3,465.1198869,2586435.0,3.2,3.2,0.613,11.6
0,67.1,186.0,27,1.47,24.99438738,62.0,25,35.9,32,99.0,5.44,99.0,0.2,383.3494997,2527185.0,3.3,3.3,0.6,11.0
0,78.0,149.0,0,0.83,361.0940984,62.0,0,48.2,0,66.0,3.9,66.0,0.1,2643.441423,23785.0,1.5,1.5,0.589,10.7
0,71.0,161.0,0,1.0,43.19780767,59.0,0,45.7,0,67.0,3.96,68.0,0.1,247.97823,214634.0,1.6,1.5,0.572,10.6
0,69.9,165.0,0,0.88,337.2942846,61.0,3,44.9,0,67.0,3.87,68.0,0.1,1886.433359,2937.0,1.6,1.5,0.0,10.6
0,58.2,366.0,29,2.57,183.0461695,81.0,13234,21.2,44,83.0,4.26,81.0,6.3,1644.619672,14264756.0,6.6,6.4,0.543,12.0
0,58.0,363.0,30,2.47,184.3649102,83.0,15754,2.7,45,8.0,4.41,83.0,6.8,1463.213573,138533.0,6.7,6.5,0.533,11.8
0,57.4,368.0,30,2.3,143.8698873,94.0,26,2.2,47,93.0,4.73,94.0,9.1,1139.11233,13456417.0,6.7,6.6,0.518,11.6
0,58.0,526.0,33,2.25,1.860003739,81.0,459,18.8,52,83.0,6.11,81.0,15.9,13.154199,12383446.0,7.0,6.9,0.479,10.9
0,44.6,717.0,28,4.14,8.7174087,65.0,420,27.5,43,69.0,6.44,68.0,30.3,444.76575,129432.0,9.0,9.0,0.406,9.3
0,44.5,715.0,26,4.06,0.0,7.0,998,26.7,41,7.0,6.52,68.0,36.7,453.3511552,12633897.0,9.8,9.9,0.418,9.5
